{"name":"6a033dc6-788c-48f1-aa39-7329c343c4e9","id":"/providers/Microsoft.Flow/flows/6a033dc6-788c-48f1-aa39-7329c343c4e9","type":"Microsoft.Flow/flows","properties":{"apiId":"/providers/Microsoft.PowerApps/apis/shared_logicflows","displayName":"Flowtastic Bookmark Helper","definition":{"metadata":{"workflowEntityId":null,"creator":{"id":"4097ba7f-d64b-49e9-aa43-728ca259368d","type":"User","tenantId":"2529db1f-d69c-47fa-8d9e-4ccff43c1d68"},"provisioningMethod":"FromDefinition","failureAlertSubscription":true,"clientLastModifiedTime":"2019-04-28T20:08:47.6103589Z"},"$schema":"https://schema.management.azure.com/providers/Microsoft.Logic/schemas/2016-06-01/workflowdefinition.json#","contentVersion":"1.0.0.0","parameters":{"$connections":{"defaultValue":{},"type":"Object"},"$authentication":{"defaultValue":{},"type":"SecureObject"}},"triggers":{"manual":{"type":"Request","kind":"Http","inputs":{"schema":{"type":"object","properties":{"contentTitle":{"type":"string"},"contentUrl":{"type":"string"}}},"method":"POST"}}},"actions":{"Create_page_in_a_section":{"runAfter":{},"metadata":{"flowSystemMetadata":{"swaggerOperationId":"CreatePageInSection"}},"type":"ApiConnection","inputs":{"host":{"connection":{"name":"@parameters('$connections')['shared_onenote']['connectionId']"},"api":{"runtimeUrl":"https://unitedstates-002.azure-apim.net/apim/onenote"}},"method":"post","body":"<html>\n  <head>\n    <title>@{triggerBody()?['contentTitle']}</title>\n  </head>\n  <body><a href='@{triggerBody()?['contentUrl']}' target='_blank'>@{triggerBody()?['contentUrl']}</a></body>\n</html","path":"/sections/Dynamic/pages","queries":{"notebookKey":"Geetha @ Work|$|https://aosb-my.sharepoint.com/personal/gsivasailam_aosb_onmicrosoft_com/Documents/Notebooks/Geetha @ Work","sectionId":"https://www.onenote.com/api/v1.0/myOrganization/siteCollections/d17f7ba5-a30d-4219-8d8c-bf489abd6717/sites/b39bf090-eac9-43c8-b159-a237f8a2c46c/notes/sections/1-dff49f0a-4c19-4319-9beb-6da79eb385cf/pages"},"authentication":"@parameters('$authentication')"}},"200_Response":{"runAfter":{"Create_page_in_a_section":["Succeeded"]},"type":"Response","kind":"Http","inputs":{"statusCode":200,"headers":"@triggerOutputs()['headers']","body":"@body('Create_page_in_a_section')","schema":{"status":"success"}}},"Error_Response":{"runAfter":{"200_Response":["Skipped"]},"type":"Response","kind":"Http","inputs":{"statusCode":400,"headers":"@triggerOutputs()['headers']","body":"@body('Create_page_in_a_section')","schema":{"status":"error"}}}},"outputs":{}},"connectionReferences":{"shared_onenote":{"connectionName":"shared-onenote-e76ba64f-5aa0-44c3-9ec3-1e0f2afbe57e","source":"Embedded","id":"/providers/Microsoft.PowerApps/apis/shared_onenote","tier":"NotSpecified"}},"flowFailureAlertSubscribed":false}}